[
  {
    "day": 1,
    "date": "2025-09-15",
    "dailyGrossProfit": 42.22500000000001,
    "turnover": 138.42000000000002,
    "numBets": 6,
    "totalBankValueStart": 1000,
    "totalBankValueEnd": 1042.225,
    "notes": "Zi generată automat din pariuri rezolvate.",
    "distributedNetProfit": 42.22500000000001,
    "collectedFees": 0
  },
  {
    "day": 2,
    "date": "2025-09-18",
    "dailyGrossProfit": 62.566520000000025,
    "turnover": 466.61,
    "numBets": 24,
    "totalBankValueStart": 1042.225,
    "totalBankValueEnd": 1104.79152,
    "notes": "Zi generată automat din pariuri rezolvate.",
    "distributedNetProfit": 62.566520000000025,
    "collectedFees": 0
  },
  {
    "day": 3,
    "date": "2025-09-19",
    "dailyGrossProfit": -13.219000000000001,
    "turnover": 219.18,
    "numBets": 20,
    "totalBankValueStart": 1104.79152,
    "totalBankValueEnd": 1091.57252,
    "notes": "Zi generată automat din pariuri rezolvate.",
    "distributedNetProfit": -13.219000000000001,
    "collectedFees": 0
  }
]