[
  {
    "date": "2025-09-19",
    "eventTimestamp": "2025-09-19T21:45",
    "sport": "Fotbal",
    "league": "Campionatul Țării Galilor. Premier liga",
    "event": "Cardiff Metropolitan University - The New Saints",
    "createdByAdminId": "admin_global_001",
    "market": "Handicap Cardiff Metropolitan University (1.75)",
    "selection": "Handicap Cardiff Metropolitan University (1.75)",
    "odds": 1.93,
    "stake": 8,
    "id": "bet_1758311846438_e17ibq3",
    "groupId": "grp_1758311846438_en5iggf",
    "betType": "VALUE",
    "status": "HALF_LOST",
    "processedInDailyHistory": true,
    "profit": -4,
    "resolvedAt": "2025-09-20T14:04:08.810Z"
  },
  {
    "date": "2025-09-19",
    "eventTimestamp": "2025-09-19T21:45",
    "sport": "Fotbal",
    "league": "Campionatul Țării Galilor. Premier liga",
    "event": "Cardiff Metropolitan University - The New Saints",
    "createdByAdminId": "admin_global_001",
    "market": "Handicap The New Saints (-2.25)",
    "selection": "Handicap The New Saints (-2.25)",
    "odds": 2.325,
    "stake": 6.64,
    "middleDetails": {
      "p1": 0.8000000000000016,
      "p2": 0.8000000000000007,
      "pb": 16.240000000000002
    },
    "id": "bet_1758311846438_il3kycg",
    "groupId": "grp_1758311846438_en5iggf",
    "betType": "MIDDLE",
    "status": "HALF_LOST",
    "processedInDailyHistory": true,
    "profit": -3.32,
    "resolvedAt": "2025-09-20T14:04:45.561Z",
    "notes": "Scor: 1:3 (1:3,0:0)."
  },
  {
    "date": "2025-09-19",
    "eventTimestamp": "2025-09-19T21:45",
    "sport": "Fotbal",
    "league": "Campionatul Irlandei. Prima divizie",
    "event": "Bray Wanderers - Finn Harps",
    "createdByAdminId": "admin_global_001",
    "market": "Bray Wanderers castiga",
    "selection": "Bray Wanderers castiga",
    "odds": 1.8,
    "stake": 13,
    "id": "bet_1758311520449_2u4zm0r",
    "groupId": "grp_1758311520449_sb4jx5j",
    "betType": "VALUE",
    "status": "WON",
    "processedInDailyHistory": true,
    "profit": 10.4,
    "resolvedAt": "2025-09-20T14:02:20.433Z"
  },
  {
    "date": "2025-09-19",
    "eventTimestamp": "2025-09-19T21:45",
    "sport": "Fotbal",
    "league": "Campionatul Irlandei. Prima divizie",
    "event": "Bray Wanderers - Finn Harps",
    "createdByAdminId": "admin_global_001",
    "market": "Finn Harps sau Egal",
    "selection": "Finn Harps sau Egal",
    "odds": 2.571,
    "stake": 9.1,
    "middleDetails": {
      "p1": 1.3000000000000007,
      "p2": 1.3000000000000007,
      "pb": 24.700000000000003
    },
    "id": "bet_1758311520449_6o5fmhf",
    "groupId": "grp_1758311520449_sb4jx5j",
    "betType": "MIDDLE",
    "status": "LOST",
    "processedInDailyHistory": true,
    "profit": -9.1,
    "resolvedAt": "2025-09-20T14:02:44.292Z",
    "notes": "Scor: 3:2 (1:2,2:0)."
  },
  {
    "date": "2025-09-20",
    "eventTimestamp": "2025-09-20T19:30",
    "sport": "Fotbal",
    "league": "Campionatul Spaniei. Segunda Division",
    "event": "Leganes - Las Palmas",
    "createdByAdminId": "admin_global_001",
    "market": "Egal",
    "selection": "Egal",
    "odds": 3.02,
    "stake": 6,
    "id": "bet_1758311360806_iatbsg1",
    "groupId": "grp_1758311360806_4yxprhh",
    "betType": "VALUE",
    "status": "PENDING",
    "processedInDailyHistory": false
  },
  {
    "date": "2025-09-20",
    "eventTimestamp": "2025-09-20T19:30",
    "sport": "Fotbal",
    "league": "Campionatul Spaniei. Segunda Division",
    "event": "Leganes - Las Palmas",
    "createdByAdminId": "admin_global_001",
    "market": "Leganes sau Las Palmas câștigă",
    "selection": "Leganes sau Las Palmas câștigă",
    "odds": 1.573,
    "stake": 11.52,
    "middleDetails": {
      "p1": 0.5999999999999996,
      "p2": 0.5999999999999988,
      "pb": 18.72
    },
    "id": "bet_1758311360806_qj9kk90",
    "groupId": "grp_1758311360806_4yxprhh",
    "betType": "MIDDLE",
    "status": "PENDING",
    "processedInDailyHistory": false
  },
  {
    "date": "2025-09-20",
    "eventTimestamp": "2025-09-20T17:00",
    "sport": "Fotbal",
    "league": "Campionatul Angliei. Premier League",
    "event": "Wolverhampton Wanderers - Leeds United",
    "createdByAdminId": "admin_global_001",
    "market": " Leeds United castiga",
    "selection": " Leeds United castiga",
    "odds": 2.705,
    "stake": 6,
    "id": "bet_1758311213869_7enj95y",
    "groupId": "grp_1758311213869_acagytu",
    "betType": "VALUE",
    "status": "PENDING",
    "processedInDailyHistory": false
  },
  {
    "date": "2025-09-20",
    "eventTimestamp": "2025-09-20T17:00",
    "sport": "Fotbal",
    "league": "Campionatul Angliei. Premier League",
    "event": "Wolverhampton Wanderers - Leeds United",
    "createdByAdminId": "admin_global_001",
    "market": "Wolverhampton Wanderers +1.5 handicap asiatic",
    "selection": "Wolverhampton Wanderers +1.5 handicap asiatic",
    "odds": 1.685,
    "stake": 9.63,
    "middleDetails": {
      "p1": 0.5999999999999996,
      "p2": 0.5999999999999988,
      "pb": 16.83
    },
    "id": "bet_1758311213869_2srvzpb",
    "groupId": "grp_1758311213869_acagytu",
    "betType": "MIDDLE",
    "status": "PENDING",
    "processedInDailyHistory": false
  },
  {
    "date": "2025-09-20",
    "eventTimestamp": "2025-09-20T16:00",
    "sport": "Fotbal",
    "league": "Campionatul Suediei. Allsveskan",
    "event": "GAIS - Elfsborg",
    "createdByAdminId": "admin_global_001",
    "market": "Egal",
    "selection": "Egal",
    "odds": 3.66,
    "stake": 7,
    "id": "bet_1758311056625_ixppizw",
    "groupId": "grp_1758311056625_vh4l4il",
    "betType": "VALUE",
    "status": "PENDING",
    "processedInDailyHistory": false
  },
  {
    "date": "2025-09-20",
    "eventTimestamp": "2025-09-20T14:00",
    "sport": "Fotbal",
    "league": "Campionatul Suediei. Allsveskan",
    "event": "GAIS - Elfsborg",
    "createdByAdminId": "admin_global_001",
    "market": "Elfsborg Câștigă sau Egal",
    "selection": "Elfsborg Câștigă sau Egal",
    "odds": 1.97,
    "stake": 17.92,
    "middleDetails": {
      "p1": 0.6999999999999993,
      "p2": 10.3824,
      "pb": 36.0024
    },
    "id": "bet_1758311056625_uxxoz4y",
    "groupId": "grp_1758311056625_vh4l4il",
    "betType": "MIDDLE",
    "status": "PENDING",
    "processedInDailyHistory": false,
    "notes": ""
  },
  {
    "date": "2025-09-20",
    "eventTimestamp": "2025-09-20T19:00",
    "sport": "Fotbal",
    "league": "Campionatul SUA. MLS",
    "event": "New York City - Charlotte",
    "createdByAdminId": "admin_global_001",
    "market": " Charlotte castiga",
    "selection": " Charlotte castiga",
    "odds": 3.64,
    "stake": 8,
    "id": "bet_1758310918804_cmkgo0v",
    "groupId": "grp_1758310918804_3cvpllx",
    "betType": "VALUE",
    "status": "PENDING",
    "processedInDailyHistory": false
  },
  {
    "date": "2025-09-20",
    "eventTimestamp": "2025-09-20T19:00",
    "sport": "Fotbal",
    "league": "Campionatul SUA. MLS",
    "event": "New York City - Charlotte",
    "createdByAdminId": "admin_global_001",
    "market": "New York City +1",
    "selection": "New York City +1",
    "odds": 1.433,
    "stake": 20.32,
    "middleDetails": {
      "p1": 0.8000000000000043,
      "p2": 0.8000000000000007,
      "pb": 29.92
    },
    "id": "bet_1758310918804_xu6i74u",
    "groupId": "grp_1758310918804_3cvpllx",
    "betType": "MIDDLE",
    "status": "PENDING",
    "processedInDailyHistory": false
  },
  {
    "date": "2025-09-19",
    "eventTimestamp": "2025-09-19T21:45",
    "sport": "Fotbal",
    "league": "Campionatul Italiei. Seria A",
    "event": "Lecce - Cagliari Calcio",
    "createdByAdminId": "admin_global_001",
    "market": " Cagliari Calcio castiga",
    "selection": " Cagliari Calcio castiga",
    "odds": 2.825,
    "stake": 8,
    "id": "bet_1758310741668_zlnhk31",
    "groupId": "grp_1758310741668_7n920bf",
    "betType": "VALUE",
    "status": "WON",
    "processedInDailyHistory": true,
    "profit": 14.600000000000001,
    "resolvedAt": "2025-09-20T14:01:08.690Z"
  },
  {
    "date": "2025-09-19",
    "eventTimestamp": "2025-09-19T21:45",
    "sport": "Fotbal",
    "league": "Campionatul Italiei. Seria A",
    "event": "Lecce - Cagliari Calcio",
    "createdByAdminId": "admin_global_001",
    "market": "Lecce Calcio sau Egal",
    "selection": "Lecce Calcio sau Egal",
    "odds": 1.638,
    "stake": 13.8,
    "middleDetails": {
      "p1": 0.8000000000000043,
      "p2": 0.8000000000000007,
      "pb": 23.400000000000002
    },
    "id": "bet_1758310741668_4olm140",
    "groupId": "grp_1758310741668_7n920bf",
    "betType": "MIDDLE",
    "status": "LOST",
    "processedInDailyHistory": true,
    "profit": -13.8,
    "resolvedAt": "2025-09-20T14:01:40.663Z",
    "notes": "Scor: 1:2 (1:1,0:1)."
  },
  {
    "date": "2025-09-20",
    "eventTimestamp": "2025-09-20T18:00",
    "sport": "Fotbal",
    "league": "Campionatul Greciei. Superliga",
    "event": "Panserraikos - Atromitos",
    "createdByAdminId": "admin_global_001",
    "market": "Egal",
    "selection": "Egal",
    "odds": 2.94,
    "stake": 16,
    "id": "bet_1758310536596_5btfd8g",
    "groupId": "grp_1758310536596_5x4eiwo",
    "betType": "VALUE",
    "status": "PENDING",
    "processedInDailyHistory": false
  },
  {
    "date": "2025-09-20",
    "eventTimestamp": "2025-09-20T16:00",
    "sport": "Fotbal",
    "league": "Campionatul Greciei. Superliga",
    "event": "Panserraikos - Atromitos",
    "createdByAdminId": "admin_global_001",
    "market": "Victorie Panserraikos",
    "selection": "Victorie Panserraikos",
    "odds": 3.625,
    "stake": 29.44,
    "middleDetails": {
      "p1": 1.5999999999999979,
      "p2": 61.28,
      "pb": 108.32
    },
    "id": "bet_1758310536596_yjr0mcr",
    "groupId": "grp_1758310536596_5x4eiwo",
    "betType": "MIDDLE",
    "status": "PENDING",
    "processedInDailyHistory": false,
    "notes": ""
  },
  {
    "date": "2025-09-20",
    "eventTimestamp": "2025-09-20T17:00",
    "sport": "Fotbal",
    "league": "Campionatul Angliei. Championship",
    "event": "Norwich City - Wrexham",
    "createdByAdminId": "admin_global_001",
    "market": "Total Peste (3)",
    "selection": "Total Peste (3)",
    "odds": 2.02,
    "stake": 9,
    "id": "bet_1758310388460_sasng20",
    "groupId": "grp_1758310388460_q0nthga",
    "betType": "VALUE",
    "status": "PENDING",
    "processedInDailyHistory": false
  },
  {
    "date": "2025-09-20",
    "eventTimestamp": "2025-09-20T17:00",
    "sport": "Fotbal",
    "league": "Campionatul Angliei. Championship",
    "event": "Norwich City - Wrexham",
    "createdByAdminId": "admin_global_001",
    "market": "Total Sub 4.5 goluri",
    "selection": "Total Sub 4.5 goluri",
    "odds": 2.196,
    "stake": 8.28,
    "middleDetails": {
      "p1": 0.9000000000000021,
      "p2": 0.9000000000000004,
      "pb": 19.08
    },
    "id": "bet_1758310388460_g7hahq8",
    "groupId": "grp_1758310388460_q0nthga",
    "betType": "MIDDLE",
    "status": "PENDING",
    "processedInDailyHistory": false
  },
  {
    "date": "2025-09-19",
    "eventTimestamp": "2025-09-19T22:00",
    "sport": "Fotbal",
    "league": "Campionatul Spaniei. La Liga",
    "event": "Real Betis - Real Sociedad",
    "createdByAdminId": "admin_global_001",
    "market": "Total Peste (2.75)",
    "selection": "Total Peste (2.75)",
    "odds": 1.909,
    "stake": 9,
    "id": "bet_1758309381519_v05ew76",
    "groupId": "grp_1758309381519_43zhvs6",
    "betType": "VALUE",
    "status": "WON",
    "processedInDailyHistory": true,
    "profit": 8.181000000000001,
    "resolvedAt": "2025-09-20T14:08:32.065Z",
    "notes": "Scor: 3:1 (1:1,2:0)."
  },
  {
    "date": "2025-09-19",
    "eventTimestamp": "2025-09-19T22:00",
    "sport": "Fotbal",
    "league": "Campionatul Spaniei. La Liga",
    "event": "Real Betis - Real Sociedad",
    "createdByAdminId": "admin_global_001",
    "market": "Under 3.25",
    "selection": "Under 3.25",
    "odds": 2.36,
    "stake": 7.28,
    "middleDetails": {
      "p1": 0.9000000000000004,
      "p2": 0.9000000000000004,
      "pb": 18.081000000000003
    },
    "id": "bet_1758309381519_s1p8ihg",
    "groupId": "grp_1758309381519_43zhvs6",
    "betType": "MIDDLE",
    "status": "LOST",
    "processedInDailyHistory": true,
    "profit": -7.28,
    "resolvedAt": "2025-09-20T14:08:09.290Z"
  },
  {
    "date": "2025-09-19",
    "eventTimestamp": "2025-09-19T21:45",
    "sport": "Fotbal",
    "league": "Campionatul Franței. Prima ligă",
    "event": "Lyon - Angers SCO",
    "createdByAdminId": "admin_global_001",
    "market": "Total Peste (2.5)",
    "selection": "Total Peste (2.5)",
    "odds": 1.845,
    "stake": 11,
    "id": "bet_1758309097884_71a32if",
    "groupId": "grp_1758309097884_088pq4g",
    "betType": "VALUE",
    "status": "LOST",
    "processedInDailyHistory": true,
    "profit": -11,
    "resolvedAt": "2025-09-20T13:59:57.358Z"
  },
  {
    "date": "2025-09-19",
    "eventTimestamp": "2025-09-19T21:45",
    "sport": "Fotbal",
    "league": "Campionatul Franței. Prima ligă",
    "event": "Lyon - Angers SCO",
    "createdByAdminId": "admin_global_001",
    "market": "Total Sub (3.5)",
    "selection": "Total Sub (3.5)",
    "odds": 2.477,
    "stake": 8.19,
    "middleDetails": {
      "p1": 1.1000000000000014,
      "p2": 1.0999999999999979,
      "pb": 21.394999999999996
    },
    "id": "bet_1758309097884_om1saay",
    "groupId": "grp_1758309097884_088pq4g",
    "betType": "MIDDLE",
    "status": "VOID",
    "processedInDailyHistory": true,
    "profit": 0,
    "resolvedAt": "2025-09-20T14:00:15.323Z",
    "notes": "Scor: 1:0 (0:0,1:0)."
  },
  {
    "date": "2025-09-20",
    "eventTimestamp": "2025-09-20T20:30",
    "sport": "Fotbal",
    "league": "Campionatul Italiei. Serie B",
    "event": "Mantova - Modena",
    "createdByAdminId": "admin_global_001",
    "market": "Handicap Modena (0)",
    "selection": "Handicap Modena (0)",
    "odds": 1.69,
    "stake": 19,
    "id": "bet_1758308944370_uksqj95",
    "groupId": "grp_1758308944370_3h7n4jl",
    "betType": "VALUE",
    "status": "PENDING",
    "processedInDailyHistory": false
  },
  {
    "date": "2025-09-20",
    "eventTimestamp": "2025-09-20T20:30",
    "sport": "Fotbal",
    "league": "Campionatul Italiei. Serie B",
    "event": "Mantova - Modena",
    "createdByAdminId": "admin_global_001",
    "market": "Handicap Mantova (+1)",
    "selection": "Handicap Mantova (+1)",
    "odds": 2.864,
    "stake": 11.21,
    "middleDetails": {
      "p1": 1.9000000000000004,
      "p2": 1.8999999999999986,
      "pb": 34.01
    },
    "id": "bet_1758308944370_tuav5kf",
    "groupId": "grp_1758308944370_3h7n4jl",
    "betType": "MIDDLE",
    "status": "PENDING",
    "processedInDailyHistory": false
  },
  {
    "date": "2025-09-19",
    "eventTimestamp": "2025-09-20T01:00",
    "sport": "Fotbal",
    "league": "Campionatul Paraguayului. Primera Division",
    "event": "Club Olimpia - Sportivo Trinidense",
    "createdByAdminId": "admin_global_001",
    "market": "Club Olimpia castiga",
    "selection": "Club Olimpia castiga",
    "odds": 1.988,
    "stake": 7,
    "id": "bet_1758308787472_gqeiip1",
    "groupId": "grp_1758308787472_m3hb9e1",
    "betType": "VALUE",
    "status": "LOST",
    "processedInDailyHistory": true,
    "profit": -7,
    "resolvedAt": "2025-09-20T14:10:48.498Z"
  },
  {
    "date": "2025-09-19",
    "eventTimestamp": "2025-09-20T01:00",
    "sport": "Fotbal",
    "league": "Campionatul Paraguayului. Primera Division",
    "event": "Club Olimpia - Sportivo Trinidense",
    "createdByAdminId": "admin_global_001",
    "market": "Sportivo Trinidense +1.5 handicap asiatic",
    "selection": "Sportivo Trinidense +1.5 handicap asiatic",
    "odds": 2.239,
    "stake": 6.22,
    "middleDetails": {
      "p1": 0.7000000000000002,
      "p2": 0.7000000000000002,
      "pb": 14.616
    },
    "id": "bet_1758308787472_ronegv1",
    "groupId": "grp_1758308787472_m3hb9e1",
    "betType": "MIDDLE",
    "status": "VOID",
    "processedInDailyHistory": true,
    "profit": 0,
    "resolvedAt": "2025-09-20T14:10:51.456Z",
    "notes": "Scor: 1:1 (1:1,0:0)."
  },
  {
    "date": "2025-09-19",
    "eventTimestamp": "2025-09-19T22:00",
    "sport": "Fotbal",
    "league": "Campionatul Angliei. Championship",
    "event": "Middlesbrough - West Bromwich Albion",
    "createdByAdminId": "admin_global_001",
    "market": "Total Sub (2.5)",
    "selection": "Total Sub (2.5)",
    "odds": 1.76,
    "stake": 9,
    "id": "bet_1758308474765_n3a0s2g",
    "groupId": "grp_1758308474765_7w94wth",
    "betType": "VALUE",
    "status": "LOST",
    "processedInDailyHistory": true,
    "profit": -9,
    "resolvedAt": "2025-09-20T14:07:08.969Z"
  },
  {
    "date": "2025-09-19",
    "eventTimestamp": "2025-09-19T22:00",
    "sport": "Fotbal",
    "league": "Campionatul Angliei. Championship",
    "event": "Middlesbrough - West Bromwich Albion",
    "createdByAdminId": "admin_global_001",
    "market": "Total Peste (1.5)",
    "selection": "Total Peste (1.5)",
    "odds": 2.667,
    "stake": 5.94,
    "middleDetails": {
      "p1": 0.9000000000000004,
      "p2": 0.9000000000000004,
      "pb": 16.740000000000002
    },
    "id": "bet_1758308474765_9081wd0",
    "groupId": "grp_1758308474765_7w94wth",
    "betType": "MIDDLE",
    "status": "VOID",
    "processedInDailyHistory": true,
    "profit": 0,
    "resolvedAt": "2025-09-20T14:07:11.905Z",
    "notes": "Scor: 2:1 (1:0,1:1)."
  },
  {
    "date": "2025-09-19",
    "eventTimestamp": "2025-09-19T22:00",
    "sport": "Fotbal",
    "league": "Campionatul Spaniei. La Liga",
    "event": "Real Betis - Real Socieda",
    "createdByAdminId": "admin_global_001",
    "market": "Real Betis castiga",
    "selection": "Real Betis castiga",
    "odds": 1.94,
    "stake": 13,
    "id": "bet_1758308308979_eq4eo53",
    "groupId": "grp_1758308308979_f4pqlox",
    "betType": "VALUE",
    "status": "WON",
    "processedInDailyHistory": true,
    "profit": 12.219999999999999,
    "resolvedAt": "2025-09-20T14:05:40.420Z"
  },
  {
    "date": "2025-09-19",
    "eventTimestamp": "2025-09-19T22:00",
    "sport": "Fotbal",
    "league": "Campionatul Spaniei. La Liga",
    "event": "Real Betis - Real Socieda",
    "createdByAdminId": "admin_global_001",
    "market": "Real Sociedad cu handicap +1.5",
    "selection": "Real Sociedad cu handicap +1.5",
    "odds": 2.31,
    "stake": 10.92,
    "middleDetails": {
      "p1": 1.3000000000000007,
      "p2": 1.3000000000000007,
      "pb": 26.52
    },
    "id": "bet_1758308308979_0zfj71o",
    "groupId": "grp_1758308308979_f4pqlox",
    "betType": "MIDDLE",
    "status": "LOST",
    "processedInDailyHistory": true,
    "profit": -10.92,
    "resolvedAt": "2025-09-20T14:06:32.756Z",
    "notes": "Scor: 3:1 (1:1,2:0)."
  },
  {
    "date": "2025-09-19",
    "eventTimestamp": "2025-09-19T22:15",
    "sport": "Fotbal",
    "league": "Campionatul Portugaliei. Premier League",
    "event": "Rio Ave - Porto",
    "createdByAdminId": "admin_global_001",
    "market": "Total Peste (2.5)",
    "selection": "Total Peste (2.5)",
    "odds": 1.6,
    "stake": 20,
    "id": "bet_1758308183513_dxx5cuw",
    "groupId": "grp_1758308183513_ztnlnqk",
    "betType": "VALUE",
    "status": "WON",
    "processedInDailyHistory": true,
    "profit": 12.000000000000002,
    "resolvedAt": "2025-09-20T14:09:01.255Z"
  },
  {
    "date": "2025-09-19",
    "eventTimestamp": "2025-09-19T20:15",
    "sport": "Fotbal",
    "league": "Campionatul Portugaliei. Premier League",
    "event": "Rio Ave - Porto",
    "createdByAdminId": "admin_global_001",
    "market": "Total Sub 3.5",
    "selection": "Total Sub 3.5",
    "odds": 4.18,
    "stake": 10,
    "middleDetails": {
      "p1": 2.0000000000000018,
      "p2": 11.799999999999997,
      "pb": 43.8
    },
    "id": "bet_1758308183513_el8ijr6",
    "groupId": "grp_1758308183513_ztnlnqk",
    "betType": "MIDDLE",
    "status": "WON",
    "processedInDailyHistory": true,
    "notes": "Scor: 0:3 (0:2,0:1).",
    "profit": 31.799999999999997,
    "resolvedAt": "2025-09-20T14:09:54.891Z"
  },
  {
    "date": "2025-09-19",
    "eventTimestamp": "2025-09-19T21:45",
    "sport": "Fotbal",
    "league": "Campionatul Italiei. Seria A",
    "event": "Lecce - Cagliari Calcio",
    "createdByAdminId": "admin_global_001",
    "market": "Total Sub (2.25)",
    "selection": "Total Sub (2.25)",
    "odds": 1.696,
    "stake": 27,
    "id": "bet_1758308068391_kug74es",
    "groupId": "grp_1758308068391_yk64gqh",
    "betType": "VALUE",
    "status": "LOST",
    "processedInDailyHistory": true,
    "profit": -27,
    "resolvedAt": "2025-09-20T13:57:42.155Z"
  },
  {
    "date": "2025-09-19",
    "eventTimestamp": "2025-09-19T21:45",
    "sport": "Fotbal",
    "league": "Campionatul Italiei. Seria A",
    "event": "Lecce - Cagliari Calcio",
    "createdByAdminId": "admin_global_001",
    "market": "Total Peste (1.5)",
    "selection": "Total Peste (1.5)",
    "odds": 2.846,
    "stake": 16.09,
    "middleDetails": {
      "p1": 2.700000000000003,
      "p2": 2.6999999999999957,
      "pb": 48.49199999999999
    },
    "id": "bet_1758308068391_2g6is96",
    "groupId": "grp_1758308068391_yk64gqh",
    "betType": "MIDDLE",
    "status": "VOID",
    "processedInDailyHistory": true,
    "profit": 0,
    "resolvedAt": "2025-09-20T13:58:52.906Z",
    "notes": "Scor: 1:2 (1:1,0:1)."
  },
  {
    "date": "2025-09-18",
    "eventTimestamp": "2025-09-18T18:25",
    "sport": "Tenis",
    "league": "ITF. Fayetteville",
    "event": "Noah Zamora - Khololwam Montsi",
    "createdByAdminId": "admin_global_001",
    "market": "Noah Zamora castiga",
    "selection": "Noah Zamora castiga",
    "odds": 2.47,
    "stake": 6,
    "id": "bet_1758213730895_lc9ja0x",
    "groupId": "grp_1758213730895_xx30qup",
    "betType": "VALUE",
    "status": "LOST",
    "processedInDailyHistory": true,
    "profit": -6,
    "resolvedAt": "2025-09-19T16:39:10.651Z"
  },
  {
    "date": "2025-09-18",
    "eventTimestamp": "2025-09-18T16:25",
    "sport": "Tenis",
    "league": "ITF. Fayetteville",
    "event": "Noah Zamora - Khololwam Montsi",
    "createdByAdminId": "admin_global_001",
    "market": "Khololwam Montsi +3.5 jocuri",
    "selection": "Khololwam Montsi +3.5 jocuri",
    "odds": 1.816,
    "stake": 8.22,
    "middleDetails": {
      "p1": 0.5999999999999996,
      "p2": 0.7075200000000006,
      "pb": 15.52752
    },
    "id": "bet_1758213730895_cdumyn3",
    "groupId": "grp_1758213730895_xx30qup",
    "betType": "MIDDLE",
    "status": "WON",
    "processedInDailyHistory": true,
    "profit": 6.707520000000001,
    "resolvedAt": "2025-09-19T16:39:22.530Z",
    "notes": "Scor: 1:2 (6:3,3:6,3:6)."
  },
  {
    "date": "2025-09-18",
    "eventTimestamp": "2025-09-18T18:30",
    "sport": "Tenis",
    "league": "Challenger. Columbus",
    "event": "Rafael Jodar - Alex Râbacov",
    "createdByAdminId": "admin_global_001",
    "market": "Handicap Alex Râbacov (4)",
    "selection": "Handicap Alex Râbacov (4)",
    "odds": 1.88,
    "stake": 7,
    "id": "bet_1758213569409_oponf4h",
    "groupId": "grp_1758213569409_khs39s9",
    "betType": "VALUE",
    "status": "LOST",
    "processedInDailyHistory": true,
    "profit": -7,
    "resolvedAt": "2025-09-19T16:40:57.164Z"
  },
  {
    "date": "2025-09-18",
    "eventTimestamp": "2025-09-18T18:30",
    "sport": "Tenis",
    "league": "Challenger. Columbus",
    "event": "Rafael Jodar - Alex Râbacov",
    "createdByAdminId": "admin_global_001",
    "market": "Handicap Rafael Jodar (-2.5)",
    "selection": "Handicap Rafael Jodar (-2.5)",
    "odds": 2.41,
    "stake": 5.46,
    "middleDetails": {
      "p1": 0.7000000000000002,
      "p2": 0.7000000000000002,
      "pb": 13.86
    },
    "id": "bet_1758213569409_6o77irf",
    "groupId": "grp_1758213569409_khs39s9",
    "betType": "MIDDLE",
    "status": "VOID",
    "processedInDailyHistory": true,
    "profit": 0,
    "resolvedAt": "2025-09-19T16:40:59.982Z",
    "notes": "Scor: 2:0 (6:3,6:4)."
  },
  {
    "date": "2025-09-18",
    "eventTimestamp": "2025-09-18T20:15",
    "sport": "Fotbal",
    "league": "Campionatul Finlandiei. Kolmonen. Divizia A 3-a",
    "event": "Atlantis PM - Ponnistajat ",
    "createdByAdminId": "admin_global_001",
    "market": "Handicap Atlantis PM (-1) - Repriza 1",
    "selection": "Handicap Atlantis PM (-1) - Repriza 1",
    "odds": 1.69,
    "stake": 39,
    "id": "bet_1758213254009_uchw2pv",
    "groupId": "grp_1758213254009_8vwtkp4",
    "betType": "VALUE",
    "status": "WON",
    "processedInDailyHistory": true,
    "profit": 26.909999999999997,
    "resolvedAt": "2025-09-19T17:07:19.891Z"
  },
  {
    "date": "2025-09-18",
    "eventTimestamp": "2025-09-18T20:15",
    "sport": "Fotbal",
    "league": "Campionatul Finlandiei. Kolmonen. Divizia A 3-a",
    "event": "Atlantis PM - Ponnistajat ",
    "createdByAdminId": "admin_global_001",
    "market": "Handicap Ponnistajat (+1.5) - Repriza 1",
    "selection": "Handicap Ponnistajat (+1.5) - Repriza 1",
    "odds": 2.864,
    "stake": 23.01,
    "middleDetails": {
      "p1": 3.900000000000002,
      "p2": 3.8999999999999986,
      "pb": 69.81
    },
    "id": "bet_1758213254009_pv7c8ow",
    "groupId": "grp_1758213254009_8vwtkp4",
    "betType": "MIDDLE",
    "status": "VOID",
    "processedInDailyHistory": true,
    "profit": 0,
    "resolvedAt": "2025-09-19T17:07:23.745Z",
    "notes": "Scor: 5:0."
  },
  {
    "date": "2025-09-18",
    "eventTimestamp": "2025-09-18T18:25",
    "sport": "Tenis",
    "league": "ITF. Fayetteville",
    "event": "Sebastian Eriksson - Micah Braswell",
    "createdByAdminId": "admin_global_001",
    "market": "Micah Braswell Handicap (-1.5) Seturi",
    "selection": "Micah Braswell Handicap (-1.5) Seturi",
    "odds": 1.8,
    "stake": 12,
    "id": "bet_1758212959786_4lfm554",
    "groupId": "grp_1758212959786_4wgqiwg",
    "betType": "VALUE",
    "status": "LOST",
    "processedInDailyHistory": true,
    "profit": -12,
    "resolvedAt": "2025-09-19T16:38:24.575Z"
  },
  {
    "date": "2025-09-18",
    "eventTimestamp": "2025-09-18T16:25",
    "sport": "Tenis",
    "league": "ITF. Fayetteville",
    "event": "Sebastian Eriksson - Micah Braswell",
    "createdByAdminId": "admin_global_001",
    "market": "Sebastian Eriksson castiga",
    "selection": "Sebastian Eriksson castiga",
    "odds": 2.77,
    "stake": 8.4,
    "middleDetails": {
      "p1": 1.200000000000001,
      "p2": 2.8680000000000003,
      "pb": 24.468000000000004
    },
    "id": "bet_1758212959786_0grupwg",
    "groupId": "grp_1758212959786_4wgqiwg",
    "betType": "MIDDLE",
    "status": "WON",
    "processedInDailyHistory": true,
    "profit": 14.868,
    "resolvedAt": "2025-09-19T16:38:37.850Z",
    "notes": "Scor: 2:1 (6:7,6:3,7:6)."
  },
  {
    "date": "2025-09-18",
    "eventTimestamp": "2025-09-18T19:30",
    "sport": "Hochei pe gheață",
    "league": "Campionatul Norvegiei. Eliteserien",
    "event": "Storhamar Dragons - Lillehammer",
    "createdByAdminId": "admin_global_001",
    "market": "Total Sub (6.5)",
    "selection": "Total Sub (6.5)",
    "odds": 1.88,
    "stake": 22,
    "id": "bet_1758212496744_xeh125z",
    "groupId": "grp_1758212496744_nxfqt41",
    "betType": "VALUE",
    "status": "LOST",
    "processedInDailyHistory": true,
    "profit": -22,
    "resolvedAt": "2025-09-19T16:41:28.039Z"
  },
  {
    "date": "2025-09-18",
    "eventTimestamp": "2025-09-18T17:30",
    "sport": "Hochei pe gheață",
    "league": "Campionatul Norvegiei. Eliteserien",
    "event": "Storhamar Dragons - Lillehammer",
    "createdByAdminId": "admin_global_001",
    "market": "Total Peste (5.5)",
    "selection": "Total Peste (5.5)",
    "odds": 2.45,
    "stake": 17.16,
    "middleDetails": {
      "p1": 2.1999999999999993,
      "p2": 2.882000000000005,
      "pb": 44.242000000000004
    },
    "id": "bet_1758212496744_tge7iyu",
    "groupId": "grp_1758212496744_nxfqt41",
    "betType": "MIDDLE",
    "status": "WON",
    "processedInDailyHistory": true,
    "profit": 24.882000000000005,
    "resolvedAt": "2025-09-19T16:42:29.114Z",
    "notes": "Scor: 5:3 (2:0,1:1,2:2)."
  },
  {
    "date": "2025-09-18",
    "eventTimestamp": "2025-09-18T17:00",
    "sport": "Tenis",
    "league": "Challenger. Bad Waltersdorf",
    "event": "Sandro Kopp - Roberto Carballes Baena",
    "createdByAdminId": "admin_global_001",
    "market": "Handicap Sandro Kopp (3.5)",
    "selection": "Handicap Sandro Kopp (3.5)",
    "odds": 2.2,
    "stake": 7,
    "id": "bet_1758212179760_6ppgul4",
    "groupId": "grp_1758212179760_9hkcich",
    "betType": "VALUE",
    "status": "LOST",
    "processedInDailyHistory": true,
    "profit": -7,
    "resolvedAt": "2025-09-19T16:36:51.629Z"
  },
  {
    "date": "2025-09-18",
    "eventTimestamp": "2025-09-18T17:00",
    "sport": "Tenis",
    "league": "Challenger. Bad Waltersdorf",
    "event": "Sandro Kopp - Roberto Carballes Baena",
    "createdByAdminId": "admin_global_001",
    "market": "Handicap Roberto Carballes Baena (-2.5)",
    "selection": "Handicap Roberto Carballes Baena (-2.5)",
    "odds": 2,
    "stake": 7.7,
    "middleDetails": {
      "p1": 0.7000000000000002,
      "p2": 0.7000000000000002,
      "pb": 16.1
    },
    "id": "bet_1758212179760_a4q4rbl",
    "groupId": "grp_1758212179760_9hkcich",
    "betType": "MIDDLE",
    "status": "VOID",
    "processedInDailyHistory": true,
    "profit": 0,
    "resolvedAt": "2025-09-19T16:36:55.687Z",
    "notes": "Scor: 1:2 (1:6,6:3,2:6)."
  },
  {
    "date": "2025-09-18",
    "eventTimestamp": "2025-09-18T19:45",
    "sport": "Fotbal",
    "league": "Campionatul Finlandiei. Kolmonen. Divizia A 3-a",
    "event": "Tampereen Pallo-Veikot II - Lasten",
    "createdByAdminId": "admin_global_001",
    "market": "Total Peste (3.5)",
    "selection": "Total Peste (3.5)",
    "odds": 1.72,
    "stake": 30,
    "id": "bet_1758211912065_m9cpvhh",
    "groupId": "grp_1758211912065_x5l44uk",
    "betType": "VALUE",
    "status": "LOST",
    "processedInDailyHistory": true,
    "profit": -30,
    "resolvedAt": "2025-09-19T17:02:55.144Z"
  },
  {
    "date": "2025-09-18",
    "eventTimestamp": "2025-09-18T19:45",
    "sport": "Fotbal",
    "league": "Campionatul Finlandiei. Kolmonen. Divizia A 3-a",
    "event": "Tampereen Pallo-Veikot II - Lasten",
    "createdByAdminId": "admin_global_001",
    "market": "Total Sub (4.5)",
    "selection": "Total Sub (4.5)",
    "odds": 2.774,
    "stake": 18.6,
    "middleDetails": {
      "p1": 3,
      "p2": 3,
      "pb": 54.599999999999994
    },
    "id": "bet_1758211912065_qz6l5wc",
    "groupId": "grp_1758211912065_x5l44uk",
    "betType": "MIDDLE",
    "status": "VOID",
    "processedInDailyHistory": true,
    "profit": 0,
    "resolvedAt": "2025-09-19T17:02:57.293Z",
    "notes": "Scor: 0:1 (0:0,0:1)."
  },
  {
    "date": "2025-09-18",
    "eventTimestamp": "2025-09-18T20:00",
    "sport": "Baschet",
    "league": "Cupa Europei. Feme",
    "event": "DSK Brandys (Femei) - KSC Szekszard (Femei)",
    "createdByAdminId": "admin_global_001",
    "market": "Handicap DSK Brandys (Femei) (16.5)",
    "selection": "Handicap DSK Brandys (Femei) (16.5)",
    "odds": 1.721,
    "stake": 45,
    "id": "bet_1758211743072_faxrpj2",
    "groupId": "grp_1758211743072_0wk2p64",
    "betType": "VALUE",
    "status": "WON",
    "processedInDailyHistory": true,
    "profit": 32.44500000000001,
    "resolvedAt": "2025-09-19T17:04:52.897Z"
  },
  {
    "date": "2025-09-18",
    "eventTimestamp": "2025-09-18T18:00",
    "sport": "Baschet",
    "league": "Cupa Europei. Feme",
    "event": "DSK Brandys (Femei) - KSC Szekszard (Femei)",
    "createdByAdminId": "admin_global_001",
    "market": "Handicap KSC Szekszard (Femei) (-10.5)",
    "selection": "Handicap KSC Szekszard (Femei) (-10.5)",
    "odds": 3.12,
    "stake": 27.95,
    "middleDetails": {
      "p1": 4.495000000000008,
      "p2": 14.254000000000005,
      "pb": 91.69900000000001
    },
    "id": "bet_1758211743072_9zvwhp0",
    "groupId": "grp_1758211743072_0wk2p64",
    "betType": "MIDDLE",
    "status": "WON",
    "processedInDailyHistory": true,
    "notes": "Scor: 69:81 (19:16,19:17,16:30,15:18).",
    "profit": 59.254000000000005,
    "resolvedAt": "2025-09-19T17:05:44.128Z"
  },
  {
    "date": "2025-09-18",
    "eventTimestamp": "2025-09-18T18:30",
    "sport": "Tenis",
    "league": "ITF. Fayetteville",
    "event": "Alexander Kotzen - Blu Baker",
    "createdByAdminId": "admin_global_001",
    "market": "Total Seturi Sub (2.5)",
    "selection": "Total Seturi Sub (2.5)",
    "odds": 1.5,
    "stake": 20,
    "id": "bet_1758211484673_vwfkuc8",
    "groupId": "grp_1758211484673_nwrnwfy",
    "betType": "VALUE",
    "status": "LOST",
    "processedInDailyHistory": true,
    "profit": -20,
    "resolvedAt": "2025-09-19T16:40:00.597Z"
  },
  {
    "date": "2025-09-18",
    "eventTimestamp": "2025-09-18T18:30",
    "sport": "Tenis",
    "league": "ITF. Fayetteville",
    "event": "Alexander Kotzen - Blu Baker",
    "createdByAdminId": "admin_global_001",
    "market": "Total Seturi Peste (2.5)",
    "selection": "Total Seturi Peste (2.5)",
    "odds": 3.75,
    "stake": 8,
    "middleDetails": {
      "p1": 2,
      "p2": 2,
      "pb": 32
    },
    "id": "bet_1758211484673_8otiqz6",
    "groupId": "grp_1758211484673_nwrnwfy",
    "betType": "MIDDLE",
    "status": "VOID",
    "processedInDailyHistory": true,
    "profit": 0,
    "resolvedAt": "2025-09-19T16:40:04.330Z",
    "notes": "Scor: 2:1 (4:6,6:2,6:3)."
  },
  {
    "date": "2025-09-18",
    "eventTimestamp": "2025-09-18T17:30",
    "sport": "Fotbal",
    "league": "Campionatul Estoniei. Esiliiga",
    "event": "Nomme Kalju II - Flora Tallinn II",
    "createdByAdminId": "admin_global_001",
    "market": "Nomme Kalju II castiga",
    "selection": "Nomme Kalju II castiga",
    "odds": 1.87,
    "stake": 43,
    "id": "bet_1758210802448_rsj86yo",
    "groupId": "grp_1758210802448_bod83zr",
    "betType": "VALUE",
    "status": "WON",
    "processedInDailyHistory": true,
    "profit": 37.410000000000004,
    "resolvedAt": "2025-09-19T16:37:38.947Z"
  },
  {
    "date": "2025-09-18",
    "eventTimestamp": "2025-09-18T17:30",
    "sport": "Fotbal",
    "league": "Campionatul Estoniei. Esiliiga",
    "event": "Nomme Kalju II - Flora Tallinn II",
    "createdByAdminId": "admin_global_001",
    "market": "Flora Tallinn II +2.5 handicap asiatic",
    "selection": "Flora Tallinn II +2.5 handicap asiatic",
    "odds": 2.429,
    "stake": 33.11,
    "middleDetails": {
      "p1": 4.299999999999997,
      "p2": 4.29999999999999,
      "pb": 84.71
    },
    "id": "bet_1758210802448_k39oubh",
    "groupId": "grp_1758210802448_bod83zr",
    "betType": "MIDDLE",
    "status": "LOST",
    "processedInDailyHistory": true,
    "profit": -33.11,
    "resolvedAt": "2025-09-19T16:37:49.478Z",
    "notes": "Scor: 3:0 (0:0,3:0)."
  },
  {
    "date": "2025-09-18",
    "eventTimestamp": "2025-09-18T20:10",
    "sport": "Baseball",
    "league": "MLB",
    "event": "New York Mets - San Diego Padres",
    "createdByAdminId": "admin_global_001",
    "market": "Handicap San Diego Padres (-1)",
    "selection": "Handicap San Diego Padres (-1)",
    "odds": 2.46,
    "stake": 6,
    "id": "bet_1758210435638_1norviz",
    "groupId": "grp_1758210435638_spp61yf",
    "betType": "VALUE",
    "status": "LOST",
    "processedInDailyHistory": true,
    "profit": -6,
    "resolvedAt": "2025-09-19T17:06:38.628Z"
  },
  {
    "date": "2025-09-18",
    "eventTimestamp": "2025-09-18T20:10",
    "sport": "Baseball",
    "league": "MLB",
    "event": "New York Mets - San Diego Padres",
    "createdByAdminId": "admin_global_001",
    "market": "Handicap New York Mets (+1.5)",
    "selection": "Handicap New York Mets (+1.5)",
    "odds": 1.809,
    "stake": 8.16,
    "middleDetails": {
      "p1": 0.5999999999999996,
      "p2": 0.5999999999999988,
      "pb": 15.36
    },
    "id": "bet_1758210435638_t6vep2x",
    "groupId": "grp_1758210435638_spp61yf",
    "betType": "MIDDLE",
    "status": "VOID",
    "processedInDailyHistory": true,
    "profit": 0,
    "resolvedAt": "2025-09-19T17:06:41.592Z",
    "notes": "Scor: 6:1 (1:0,0:0,4:1,0:0,0:0,0:0,1:0,0:0,0:0)."
  },
  {
    "date": "2025-09-18",
    "eventTimestamp": "2025-09-18T16:00",
    "sport": "Tenis",
    "league": "ITF. Lujan. Femei",
    "event": "Antonia Vergara Rivera - Luna Maria Cinalli",
    "createdByAdminId": "admin_global_001",
    "market": "Luna Maria Cinalli castiga",
    "selection": "Luna Maria Cinalli castiga",
    "odds": 2.095,
    "stake": 32,
    "id": "bet_1758210100586_bka1ryz",
    "groupId": "grp_1758210100586_tm6f10y",
    "betType": "VALUE",
    "status": "WON",
    "processedInDailyHistory": true,
    "profit": 35.040000000000006,
    "resolvedAt": "2025-09-19T16:34:16.924Z"
  },
  {
    "date": "2025-09-18",
    "eventTimestamp": "2025-09-18T16:00",
    "sport": "Tenis",
    "league": "ITF. Lujan. Femei",
    "event": "Antonia Vergara Rivera - Luna Maria Cinalli",
    "createdByAdminId": "admin_global_001",
    "market": "Antonia Vergara Rivera castiga",
    "selection": "Antonia Vergara Rivera castiga",
    "odds": 2.106,
    "stake": 31.84,
    "middleDetails": {
      "p1": 3.1999999999999993,
      "p2": 3.200000000000003,
      "pb": 70.24000000000001
    },
    "id": "bet_1758210100586_ynsqu2l",
    "groupId": "grp_1758210100586_tm6f10y",
    "betType": "MIDDLE",
    "status": "LOST",
    "processedInDailyHistory": true,
    "profit": -31.84,
    "resolvedAt": "2025-09-19T16:35:33.579Z",
    "notes": "Scor: 1:2 (4:6,6:2,4:6)."
  },
  {
    "date": "2025-09-15",
    "eventTimestamp": "2025-09-15T22:00",
    "sport": "Tenis",
    "league": "ATP Challenger Columbus 2025",
    "event": "Petr Brunclik - Patrick Maloney ",
    "createdByAdminId": "admin_global_001",
    "market": "Petr Brunclik to win",
    "selection": "Petr Brunclik to win",
    "odds": 2.035,
    "stake": 11,
    "id": "bet_1757964658039_s07iujy",
    "groupId": "grp_1757964658039_u1cm24j",
    "betType": "VALUE",
    "status": "LOST",
    "processedInDailyHistory": true,
    "profit": -11,
    "resolvedAt": "2025-09-18T15:31:17.587Z"
  },
  {
    "date": "2025-09-15",
    "eventTimestamp": "2025-09-15T22:00",
    "sport": "Tenis",
    "league": "ATP Challenger Columbus 2025",
    "event": "Petr Brunclik - Patrick Maloney ",
    "createdByAdminId": "admin_global_001",
    "market": "Patrick Maloney +1.5 seturi",
    "selection": "Patrick Maloney +1.5 seturi",
    "odds": 2.176,
    "stake": 10.29,
    "middleDetails": {
      "p1": 1.0999999999999996,
      "p2": 1.0999999999999996,
      "pb": 23.485
    },
    "id": "bet_1757964658039_oglucv4",
    "groupId": "grp_1757964658039_u1cm24j",
    "betType": "MIDDLE",
    "status": "VOID",
    "processedInDailyHistory": true,
    "profit": 0,
    "resolvedAt": "2025-09-18T15:31:39.490Z",
    "notes": "Scor: 0:2 (4:6,0:6)."
  },
  {
    "date": "2025-09-15",
    "eventTimestamp": "2025-09-15T19:08",
    "sport": "Fotbal",
    "league": "AFC Champions League 2025/2026",
    "event": "Al Ahli Jeddah - Nasaf Qarshi ",
    "createdByAdminId": "admin_global_001",
    "market": "Asian hcp -1.5 (Al Ahli Jeddah)",
    "selection": "Asian hcp -1.5 (Al Ahli Jeddah)",
    "odds": 1.475,
    "stake": 19,
    "id": "bet_1757963423264_e24n5uj",
    "groupId": "grp_1757963423264_8ahchh2",
    "betType": "VALUE",
    "status": "WON",
    "processedInDailyHistory": true,
    "profit": 9.025000000000002,
    "resolvedAt": "2025-09-18T15:29:02.416Z"
  },
  {
    "date": "2025-09-15",
    "eventTimestamp": "2025-09-15T19:08",
    "sport": "Fotbal",
    "league": "AFC Champions League 2025/2026",
    "event": "Al Ahli Jeddah - Nasaf Qarshi ",
    "createdByAdminId": "admin_global_001",
    "market": "Asian hcp +2.5 (Nasaf Qarshi)",
    "selection": "Asian hcp +2.5 (Nasaf Qarshi)",
    "odds": 3.933,
    "stake": 7.13,
    "middleDetails": {
      "p1": 1.9000000000000004,
      "p2": 1.8999999999999986,
      "pb": 29.925
    },
    "id": "bet_1757963423264_m0fpa3w",
    "groupId": "grp_1757963423264_8ahchh2",
    "betType": "MIDDLE",
    "status": "VOID",
    "processedInDailyHistory": true,
    "profit": 0,
    "resolvedAt": "2025-09-18T15:29:09.135Z",
    "notes": "Scor: 4-2."
  },
  {
    "date": "2025-09-15",
    "eventTimestamp": "2025-09-15T20:40",
    "sport": "Tenis",
    "league": "ATP Challenger Villa Maria 2025",
    "event": "Emilio Nava - Daniel Dutra Da Silva ",
    "createdByAdminId": "admin_global_001",
    "market": "Game hcp +6.5 (Daniel Dutra Da Silva) ",
    "selection": "Game hcp +6.5 (Daniel Dutra Da Silva) ",
    "odds": 1.85,
    "stake": 52,
    "id": "bet_1757960566851_epzwk1j",
    "groupId": "grp_1757960566851_0z0acef",
    "betType": "VALUE",
    "status": "WON",
    "processedInDailyHistory": true,
    "notes": "",
    "profit": 44.2,
    "resolvedAt": "2025-09-18T15:30:09.001Z"
  },
  {
    "date": "2025-09-15",
    "eventTimestamp": "2025-09-15T17:42",
    "sport": "Tenis",
    "league": "ATP Challenger Villa Maria 2025",
    "event": "Emilio Nava - Daniel Dutra Da Silva ",
    "createdByAdminId": "admin_global_001",
    "market": "Game hcp -5.5 (Emilio Nava)",
    "selection": "Game hcp -5.5 (Emilio Nava)",
    "odds": 2.467,
    "stake": 39,
    "middleDetails": {
      "p1": 5.200000000000003,
      "p2": 5.200000000000003,
      "pb": 101.4
    },
    "id": "bet_1757960566851_pxc51wc",
    "groupId": "grp_1757960566851_0z0acef",
    "betType": "MIDDLE",
    "status": "VOID",
    "processedInDailyHistory": true,
    "profit": 0,
    "resolvedAt": "2025-09-18T15:30:13.131Z",
    "notes": "Scor: 2:1 (4:6,6:4,6:4)."
  }
]